[  {    "type": "get",    "url": "/api/data/getData",    "title": "获取数据",    "permission": [      {        "name": "null"      }    ],    "group": "Data",    "version": "1.0.0",    "header": {      "fields": {        "Header": [          {            "group": "Header",            "type": "String",            "optional": false,            "field": "token",            "description": "<p>标识所在的组织</p>"          }        ]      }    },    "parameter": {      "fields": {        "Parameter": [          {            "group": "Parameter",            "type": "String",            "optional": false,            "field": "apiCode",            "description": ""          }        ]      }    },    "success": {      "fields": {        "Success 200": [          {            "group": "Success 200",            "type": "Number",            "optional": false,            "field": "code",            "description": "<p>状态码. 200为正常。</p>"          },          {            "group": "Success 200",            "type": "String",            "optional": false,            "field": "err",            "description": "<p>错误信息</p>"          },          {            "group": "Success 200",            "type": "Object",            "optional": false,            "field": "data",            "description": ""          },          {            "group": "Success 200",            "type": "Object",            "optional": false,            "field": "data.apiCode",            "description": "<p>指标名称</p>"          },          {            "group": "Success 200",            "type": "String",            "optional": false,            "field": "data.value",            "description": "<p>数据</p>"          }        ]      }    },    "filename": "src/main/java/com/yunyang/fabricdemo/controller/ApiDataController.java",    "groupTitle": "Data",    "name": "GetApiDataGetdata"  },  {    "type": "get",    "url": "/api/data/getHistory",    "title": "获取历史交易记录",    "permission": [      {        "name": "null"      }    ],    "group": "Data",    "version": "1.0.0",    "header": {      "fields": {        "Header": [          {            "group": "Header",            "type": "String",            "optional": false,            "field": "token",            "description": "<p>标识所在的组织</p>"          }        ]      }    },    "parameter": {      "fields": {        "Parameter": [          {            "group": "Parameter",            "type": "String",            "optional": false,            "field": "apiCode",            "description": ""          }        ]      }    },    "success": {      "fields": {        "Success 200": [          {            "group": "Success 200",            "type": "Number",            "optional": false,            "field": "code",            "description": "<p>状态码. 200为正常。</p>"          },          {            "group": "Success 200",            "type": "String",            "optional": false,            "field": "err",            "description": "<p>错误信息</p>"          },          {            "group": "Success 200",            "type": "Object[]",            "optional": false,            "field": "data",            "description": ""          },          {            "group": "Success 200",            "type": "String",            "optional": false,            "field": "data.apiCode",            "description": "<p>交易主体</p>"          },          {            "group": "Success 200",            "type": "String",            "optional": false,            "field": "data.txId",            "description": "<p>交易编号</p>"          },          {            "group": "Success 200",            "type": "Long",            "optional": false,            "field": "data.timestamp",            "description": "<p>时间戳(秒级)</p>"          },          {            "group": "Success 200",            "type": "String",            "optional": false,            "field": "data.value",            "description": "<p>数据</p>"          },          {            "group": "Success 200",            "type": "Boolean",            "optional": false,            "field": "data.isDeleted",            "description": "<p>是否已删除</p>"          }        ]      }    },    "filename": "src/main/java/com/yunyang/fabricdemo/controller/ApiDataController.java",    "groupTitle": "Data",    "name": "GetApiDataGethistory"  },  {    "type": "get",    "url": "/api/data/getTransactionDetail",    "title": "获取交易详情",    "permission": [      {        "name": "null"      }    ],    "group": "Data",    "version": "1.0.0",    "header": {      "fields": {        "Header": [          {            "group": "Header",            "type": "String",            "optional": false,            "field": "token",            "description": "<p>标识所在的组织</p>"          }        ]      }    },    "parameter": {      "fields": {        "Parameter": [          {            "group": "Parameter",            "type": "String",            "optional": false,            "field": "apiCode",            "description": ""          }        ]      }    },    "success": {      "fields": {        "Success 200": [          {            "group": "Success 200",            "type": "Number",            "optional": false,            "field": "code",            "description": "<p>状态码. 200为正常。</p>"          },          {            "group": "Success 200",            "type": "String",            "optional": false,            "field": "err",            "description": "<p>错误信息</p>"          },          {            "group": "Success 200",            "type": "Object",            "optional": false,            "field": "data",            "description": ""          },          {            "group": "Success 200",            "type": "Object",            "optional": false,            "field": "data.block",            "description": "<p>区块信息</p>"          },          {            "group": "Success 200",            "type": "String",            "optional": false,            "field": "data.block.prevHash",            "description": "<p>前块hash值</p>"          },          {            "group": "Success 200",            "type": "String",            "optional": false,            "field": "data.block.channelName",            "description": "<p>通道名称</p>"          },          {            "group": "Success 200",            "type": "Integer",            "optional": false,            "field": "data.block.curNumber",            "description": "<p>当前区块号</p>"          },          {            "group": "Success 200",            "type": "Integer",            "optional": false,            "field": "data.block.height",            "description": "<p>区块总高度</p>"          },          {            "group": "Success 200",            "type": "Object",            "optional": false,            "field": "data.transaction",            "description": "<p>交易信息</p>"          },          {            "group": "Success 200",            "type": "String",            "optional": false,            "field": "data.transaction.txId",            "description": "<p>交易编号</p>"          },          {            "group": "Success 200",            "type": "Long",            "optional": false,            "field": "data.transaction.timestamp",            "description": "<p>交易时间戳</p>"          },          {            "group": "Success 200",            "type": "Object",            "optional": false,            "field": "data.transaction.envelop",            "description": "<p>交易数据</p>"          },          {            "group": "Success 200",            "type": "String",            "optional": false,            "field": "data.transaction.envelop.payload",            "description": "<p>数据</p>"          },          {            "group": "Success 200",            "type": "String",            "optional": false,            "field": "data.transaction.envelop.sign",            "description": "<p>签名</p>"          }        ]      }    },    "filename": "src/main/java/com/yunyang/fabricdemo/controller/ApiDataController.java",    "groupTitle": "Data",    "name": "GetApiDataGettransactiondetail"  },  {    "type": "post",    "url": "/api/data/putData",    "title": "写入数据",    "permission": [      {        "name": "null"      }    ],    "group": "Data",    "version": "1.0.0",    "header": {      "fields": {        "Header": [          {            "group": "Header",            "type": "String",            "optional": false,            "field": "token",            "description": "<p>标识所在的组织</p>"          }        ]      }    },    "parameter": {      "fields": {        "Parameter": [          {            "group": "Parameter",            "type": "String",            "optional": false,            "field": "apiCode",            "description": ""          },          {            "group": "Parameter",            "type": "String",            "optional": false,            "field": "value",            "description": ""          },          {            "group": "Parameter",            "type": "String",            "optional": false,            "field": "callback",            "description": "<p>[TODO: 回调地址]</p>"          }        ]      }    },    "success": {      "fields": {        "Success 200": [          {            "group": "Success 200",            "type": "Number",            "optional": false,            "field": "code",            "description": "<p>状态码. 200为正常。</p>"          },          {            "group": "Success 200",            "type": "String",            "optional": false,            "field": "err",            "description": "<p>错误信息</p>"          },          {            "group": "Success 200",            "type": "Object",            "optional": false,            "field": "data",            "description": ""          }        ]      }    },    "filename": "src/main/java/com/yunyang/fabricdemo/controller/ApiDataController.java",    "groupTitle": "Data",    "name": "PostApiDataPutdata"  }]
